"crop_number","SPAM_short_name","SPAM_super","SPAM_full_name","FAONAMES","FAO_item_code_NFB","FAO_item_code","GROUP","product_description_FAOSTAT","non_food"
1,"whea","whea","wheat","wheat",2511,15,"cereals","Wheat",NA
1,"whea","whea","wheat","wheat",2511,16,"cereals","Flour, wheat",NA
1,"whea","whea","wheat","wheat",2511,17,"cereals","Bran, wheat",NA
1,"whea","whea","wheat","wheat",2511,19,"cereals","Germ, wheat",NA
1,"whea","whea","wheat","wheat",2511,21,"cereals","Bulgar",NA
1,"whea","whea","wheat","wheat",2511,23,"cereals","Starch, wheat",NA
1,"whea","whea","wheat","wheat",2511,24,"cereals","Gluten, wheat",NA
1,"whea","whea","wheat","wheat",2511,41,"cereals","Cereals, breakfast",NA
2,"rice","rice","rice","rice",2807,27,"cereals","Rice, paddy",NA
2,"rice","rice","rice","rice",2807,28,"cereals","Rice, husked",NA
2,"rice","rice","rice","rice",2807,29,"cereals","Rice, milled/husked",NA
2,"rice","rice","rice","rice",2807,31,"cereals","Rice, milled",NA
2,"rice","rice","rice","rice",2807,32,"cereals","Rice, broken",NA
2,"rice","rice","rice","rice",2807,33,"cereals","Gluten, rice",NA
2,"rice","rice","rice","rice",2807,34,"cereals","Starch, rice",NA
2,"rice","rice","rice","rice",2807,35,"cereals","Bran, rice",NA
2,"rice","rice","rice","rice",2581,36,"cereals","Oil, rice bran",NA
2,"rice","rice","rice","rice",2581,37,"cereals","Cake rice bran",NA
2,"rice","rice","rice","rice",2807,38,"cereals","Flour, rice",NA
3,"maiz","maiz","maize","maize",2514,56,"cereals","Maize",NA
3,"maiz","maiz","maize","maize",2514,57,"cereals","Germ, maize",NA
3,"maiz","maiz","maize","maize",2514,58,"cereals","Flour, maize",NA
3,"maiz","maiz","maize","maize",2514,59,"cereals","Bran, maize",NA
3,"maiz","maiz","maize","maize",2514,61,"cereals","Cake maize",NA
3,"maiz","maiz","maize","maize",2514,63,"cereals","Gluten, maize",NA
3,"maiz","maiz","maize","maize",2514,64,"cereals","Starch, maize",NA
3,"maiz","maiz","maize","maize",2514,846,"cereals","Feed and meal, gluten",NA
3,"maiz","maiz","maize","maize",2582,60,"cereals","Oil, maize",NA
4,"barl","barl","barley","barley",2513,51,"cereals","Beer of barley",NA
4,"barl","barl","barley","barley",2513,50,"cereals","Malt extract",NA
4,"barl","barl","barley","barley",2513,49,"cereals","Malt",NA
4,"barl","barl","barley","barley",2513,48,"cereals","Flour, barley and grits",NA
4,"barl","barl","barley","barley",2513,47,"cereals","Bran, barley",NA
4,"barl","barl","barley","barley",2513,46,"cereals","Barley, pearled",NA
4,"barl","barl","barley","barley",2513,45,"cereals","Barley, pot",NA
4,"barl","barl","barley","barley",2513,44,"cereals","Barley",NA
5,"pmil","xmil","pearl millet","millet",2517,79,"cereals","Millet",NA
6,"smil","xmil","small millet","millet",2517,80,"cereals","Flour, millet",NA
5,"pmil","xmil","pearl millet","millet",2517,81,"cereals","Bran, millet",NA
6,"smil","xmil","small millet","millet",2517,79,"cereals","Millet",NA
5,"pmil","xmil","pearl millet","millet",2517,80,"cereals","Flour, millet",NA
6,"smil","xmil","small millet","millet",2517,81,"cereals","Bran, millet",NA
7,"sorg","sorg","sorghum","sorghum",2518,83,"cereals","Sorghum",NA
7,"sorg","sorg","sorghum","sorghum",2518,84,"cereals","Flour, sorghum",NA
7,"sorg","sorg","sorghum","sorghum",2518,85,"cereals","Bran, sorghum",NA
8,"ocer","ocer","other cereals","other cereals ++",2520,68,"cereals","Popcorn",NA
8,"ocer","ocer","other cereals","other cereals ++",2515,71,"cereals","Rye",NA
8,"ocer","ocer","other cereals","other cereals ++",2515,72,"cereals","Flour, rye",NA
8,"ocer","ocer","other cereals","other cereals ++",2515,73,"cereals","Bran, rye",NA
8,"ocer","ocer","other cereals","other cereals ++",2516,75,"cereals","Oats",NA
8,"ocer","ocer","other cereals","other cereals ++",2516,76,"cereals","Oats rolled",NA
8,"ocer","ocer","other cereals","other cereals ++",2516,77,"cereals","Bran, oats",NA
8,"ocer","ocer","other cereals","other cereals ++",2520,89,"cereals","Buckwheat",NA
8,"ocer","ocer","other cereals","other cereals ++",2520,90,"cereals","Flour, buckwheat",NA
8,"ocer","ocer","other cereals","other cereals ++",2520,91,"cereals","Bran, buckwheat",NA
8,"ocer","ocer","other cereals","other cereals ++",2520,92,"cereals","Quinoa",NA
8,"ocer","ocer","other cereals","other cereals ++",2520,94,"cereals","Fonio",NA
8,"ocer","ocer","other cereals","other cereals ++",2520,95,"cereals","Flour, fonio",NA
8,"ocer","ocer","other cereals","other cereals ++",2520,96,"cereals","Bran, fonio",NA
8,"ocer","ocer","other cereals","other cereals ++",2520,97,"cereals","Triticale",NA
8,"ocer","ocer","other cereals","other cereals ++",2520,98,"cereals","Flour, Triticale",NA
8,"ocer","ocer","other cereals","other cereals ++",2520,99,"cereals","Bran, triticale",NA
8,"ocer","ocer","other cereals","other cereals ++",2520,101,"cereals","Canary seed",NA
8,"ocer","ocer","other cereals","other cereals ++",2520,103,"cereals","Mixed grain",NA
8,"ocer","ocer","other cereals","other cereals ++",2520,104,"cereals","Flour, mixed grain",NA
8,"ocer","ocer","other cereals","other cereals ++",2520,105,"cereals","Bran, mixed grains",NA
8,"ocer","ocer","other cereals","other cereals ++",2520,108,"cereals","Cereals, nes",NA
8,"ocer","ocer","other cereals","other cereals ++",2520,111,"cereals","Flour, ceraals",NA
8,"ocer","ocer","other cereals","other cereals ++",2520,112,"cereals","Bran, cereals, nes",NA
8,"ocer","ocer","other cereals","other cereals ++",2520,113,"cereals","Cereal preparations, nes",NA
9,"pota","pota","potato","potato",2531,116,"roots&tubers or starchy roots","Potatoes",NA
9,"pota","pota","potato","potato",2531,117,"roots&tubers or starchy roots","Flour, potatoes",NA
9,"pota","pota","potato","potato",2531,118,"roots&tubers or starchy roots","Potatoes, frozen",NA
9,"pota","pota","potato","potato",2531,119,"roots&tubers or starchy roots","Starch, potatoes",NA
9,"pota","pota","potato","potato",2531,121,"roots&tubers or starchy roots","Tapioca, potatoes",NA
10,"swpo","swpo","sweet potato","sweet potato",2533,122,"roots&tubers or starchy roots","Sweet potatoes",NA
11,"yams","yams","yams","yam",2535,137,"roots&tubers or starchy roots","Yams",NA
12,"cass","cass","cassava","cassava",2532,129,"roots&tubers or starchy roots","Starch, cassava",NA
12,"cass","cass","cassava","cassava",2532,128,"roots&tubers or starchy roots","Cassava, dried",NA
12,"cass","cass","cassava","cassava",2532,127,"roots&tubers or starchy roots","Tapioca, cassava",NA
12,"cass","cass","cassava","cassava",2532,126,"roots&tubers or starchy roots","Flour, cassava",NA
12,"cass","cass","cassava","cassava",2532,125,"roots&tubers or starchy roots","Cassava",NA
13,"orts","orts","other roots","yautia ++",2534,135,"roots&tubers or starchy roots","Yautia (Cocoyam)",NA
13,"orts","orts","other roots","yautia ++",2534,136,"roots&tubers or starchy roots","Taro (Cocoyam)",NA
13,"orts","orts","other roots","yautia ++",2534,149,"roots&tubers or starchy roots","Roots and tubers nes",NA
13,"orts","orts","other roots","yautia ++",2534,150,"roots&tubers or starchy roots","Flour, roots and tubers nes",NA
13,"orts","orts","other roots","yautia ++",2534,151,"roots&tubers or starchy roots","Roots and tubers dried",NA
14,"bean","xpul","bean","beans, dry",2546,176,"pulses","Beans, dry",NA
15,"chic","xpul","chickpea","chickpea",2549,191,"pulses","Chick-peas, dry",NA
16,"cowp","xpul","cowpea","cowpea",2549,195,"pulses","Cow peas, dry",NA
17,"pige","xpul","pigeonpea","pigeon pea",2549,197,"pulses","Pigeon peas",NA
18,"lent","xpul","lentil","lentils",2549,201,"pulses","Lentils, dry",NA
19,"opul","opul","other pulses","broad beans ++",2549,181,"pulses","Broad beans, dry",NA
19,"opul","opul","other pulses","broad beans ++",2547,187,"pulses","Peas, dry",NA
19,"opul","opul","other pulses","broad beans ++",2549,203,"pulses","Bambara beans",NA
19,"opul","opul","other pulses","broad beans ++",2549,205,"pulses","Vetches",NA
19,"opul","opul","other pulses","broad beans ++",2549,210,"pulses","Lupins",NA
19,"opul","opul","other pulses","broad beans ++",2549,211,"pulses","Pulses nes",NA
19,"opul","opul","other pulses","broad beans ++",2549,212,"pulses","Flour, pulses",NA
19,"opul","opul","other pulses","broad beans ++",2549,213,"pulses","Bran, pulses",NA
20,"soyb","soyb","soybean","soybean",2571,237,"oilcrops","Soybeans oil",NA
20,"soyb","soyb","soybean","soybean",2571,238,"oilcrops","Soybeans cake",NA
20,"soyb","soyb","soybean","soybean",2555,236,"oilcrops","Soybeans",NA
20,"soyb","soyb","soybean","soybean",2555,239,"oilcrops","Soya sauce",NA
20,"soyb","soyb","soybean","soybean",2555,240,"oilcrops","Soya paste",NA
20,"soyb","soyb","soybean","soybean",2555,241,"oilcrops","Soya curd",NA
21,"grou","xoil","groundnut","groundnut, with shell",2572,244,"oilcrops","Oil, groundnut",NA
21,"grou","xoil","groundnut","groundnut, with shell",2572,245,"oilcrops","Cake groundnuts",NA
21,"grou","xoil","groundnut","groundnut, with shell",2552,242,"oilcrops","Groundnuts, in shell",NA
21,"grou","xoil","groundnut","groundnut, with shell",2552,243,"oilcrops","Groundnuts, shelled",NA
21,"grou","xoil","groundnut","groundnut, with shell",2552,246,"oilcrops","Groundnuts, prepared",NA
21,"grou","xoil","groundnut","groundnut, with shell",2552,247,"oilcrops","Peanut butter",NA
22,"cnut","cnut","coconut","coconut",2578,252,"oilcrops","Coconut oil",NA
22,"cnut","cnut","coconut","coconut",2560,249,"oilcrops","Coconuts",NA
22,"cnut","cnut","coconut","coconut",2560,250,"oilcrops","Coconuts, desiccated",NA
22,"cnut","cnut","coconut","coconut",2560,251,"oilcrops","Copra",NA
22,"cnut","cnut","coconut","coconut",2560,253,"oilcrops","Cake copra",NA
23,"oilp","oilp","oilpalm","palmoil",2562,254,"oilcrops","[Oil palm fruit]",NA
23,"oilp","oilp","oilpalm","palmoil",2562,256,"oilcrops","Palm kernals",NA
23,"oilp","oilp","oilpalm","palmoil",2577,257,"oilcrops","Oil, palm",NA
23,"oilp","oilp","oilpalm","palmoil",2576,258,"oilcrops","Oil, palm kernal",NA
23,"oilp","oilp","oilpalm","palmoil",2576,259,"oilcrops","Cake palm kernal",NA
23,"oilp","oilp","oilpalm","palmoil",2577,1276,"oilcrops","Fatty acids",NA
23,"oilp","oilp","oilpalm","palmoil",2577,1277,"oilcrops","Fatty substance residues",NA
24,"sunf","sunf","sunflower","sunflower seed",2557,267,"oilcrops","Sunflower seed",NA
25,"rape","rape","rapeseed","rapeseed",2558,270,"oilcrops","Rapeseed or colza seed",NA
25,"rape","rape","rapeseed","rapeseed",2558,292,"oilcrops","Mustard seed",NA
25,"rape","rape","rapeseed","rapeseed",2558,295,"oilcrops","Flour, mustard",NA
26,"sesa","xoil","sesameseed","sesame seed",2561,289,"oilcrops","Sesame seed",NA
28,"sugc","sugc","sugarcane","sugar cane",2536,156,"sugar crops","Sugar cane",NA
28,"sugc","sugc","sugarcane","sugar cane",2542,158,"sugar crops","Sugar, cane, raw, centrifugal","nonfood"
28,"sugc","sugc","sugarcane","sugar cane",2542,161,"sugar crops","Sugar crops nes","nonfood"
28,"sugc","sugc","sugarcane","sugar cane",2542,162,"sugar crops","Sugar Raw Centrifugal","nonfood"
28,"sugc","sugc","sugarcane","sugar cane",2541,163,"sugar crops","Sugar non-centrugal","nonfood"
28,"sugc","sugc","sugarcane","sugar cane",2542,164,"sugar crops","Sugar refined","nonfood"
28,"sugc","sugc","sugarcane","sugar cane",2542,168,"sugar crops","Sugar confectionary","nonfood"
28,"sugc","sugc","sugarcane","sugar cane",2542,171,"sugar crops","Sugar flavored","nonfood"
28,"sugc","sugc","sugarcane","sugar cane",2542,165,"sugar crops","Molasses","nonfood"
29,"sugb","sugb","sugarbeet","sugarbeet",2537,157,"sugar crops","Sugar beet",NA
29,"sugb","sugb","sugarbeet","sugarbeet",2537,169,"sugar crops","Beet pulp",NA
30,"cott","xoil","cotton","seed cotton",NA,328,"fibres","[Seed Cotton]",NA
32,"acof","xcof","arabica coffee","coffee",2630,659,"stimulant","Coffee, extracts","nonfood"
33,"rcof","xcof","robusta coffee","coffee",2630,659,"stimulant","Coffee, extracts","nonfood"
32,"acof","xcof","arabica coffee","coffee",2630,657,"stimulant","Coffee roasted","nonfood"
33,"rcof","xcof","robusta coffee","coffee",2630,657,"stimulant","Coffee roasted","nonfood"
32,"acof","xcof","arabica coffee","coffee",2630,656,"stimulant","Coffee green","nonfood"
33,"rcof","xcof","robusta coffee","coffee",2630,656,"stimulant","Coffee green","nonfood"
34,"coco","coco","cocoa","cocoa",2633,661,"stimulant","Cocoa beans",NA
34,"coco","coco","cocoa","cocoa",2633,662,"stimulant","Cocoa, paste",NA
34,"coco","coco","cocoa","cocoa",2633,664,"stimulant","Cocoa butter",NA
34,"coco","coco","cocoa","cocoa",2633,665,"stimulant","Cocoa , powder & cacke",NA
34,"coco","coco","cocoa","cocoa",2633,666,"stimulant","Chocolate products nes",NA
35,"teas","teas","tea","tea",2635,667,"stimulant","Tea","nonfood"
36,"toba","toba","tobacco","tobacco leaves",NA,826,"stimulant","Tobacco leaves","nonfood"
37,"bana","bana","banana","banana",2615,486,"fruits","Bananas",NA
38,"plnt","plnt","plantain","plantain",2616,489,"fruits","Plantains",NA
40,"temf","xfru","temperate fruit","apples ++",2625,592,"fruits","Kiwi fruit",NA
40,"temf","xfru","temperate fruit","apples ++",2625,619,"fruits","Fruit, fresh nes",NA
40,"temf","xfru","temperate fruit","apples ++",2625,620,"fruits","Fruit, dried nes",NA
40,"temf","xfru","temperate fruit","apples ++",2625,622,"fruits","Juice, fruit nes",NA
40,"temf","xfru","temperate fruit","apples ++",2625,623,"fruits","Fruit, prepared nes",NA
40,"temf","xfru","temperate fruit","apples ++",2625,624,"fruits","Flour, fruit",NA
40,"temf","xfru","temperate fruit","apples ++",2625,625,"fruits","Fruits, nuts, peel, sugar preserved",NA
40,"temf","xfru","temperate fruit","apples ++",2625,626,"fruits","Fruit, cooked, homogenized preparations",NA
27,"ooil","ooil","other oil crops","olives ++",2563,260,"oilcrops","Olives",NA
27,"ooil","ooil","other oil crops","olives ++",2580,261,"oilcrops","Oil of Olives, Virgin",NA
27,"ooil","ooil","other oil crops","olives ++",2563,262,"oilcrops","Olives, Preserved",NA
27,"ooil","ooil","other oil crops","olives ++",2570,263,"oilcrops","Karite Nuts (Sheanuts)",NA
27,"ooil","ooil","other oil crops","olives ++",2586,264,"oilcrops","Butter of Karite Nuts",NA
27,"ooil","ooil","other oil crops","olives ++",2570,265,"oilcrops","Castor Beans",NA
27,"ooil","ooil","other oil crops","olives ++",2586,266,"oilcrops","Oil of Castor Beans",NA
27,"ooil","ooil","other oil crops","olives ++",2573,268,"oilcrops","Oil of Sunflower Seed",NA
27,"ooil","ooil","other oil crops","olives ++",2573,269,"oilcrops","Cake of Sunflower Seed",NA
27,"rape","rape","rapeseed","rapeseed",2574,271,"oilcrops","Oil of Rapeseed or Canola oil",NA
27,"rape","rape","rapeseed","rapeseed",2574,272,"oilcrops","Cake of Rapeseed",NA
27,"ooil","ooil","other oil crops","olives ++",2580,273,"oilcrops","Olive Residues",NA
27,"ooil","ooil","other oil crops","olives ++",2580,274,"oilcrops","Oil of Olive Residues",NA
27,"ooil","ooil","other oil crops","olives ++",2570,275,"oilcrops","Tung Nuts",NA
27,"ooil","ooil","other oil crops","olives ++",2586,276,"oilcrops","Oil of Tung Nuts",NA
27,"ooil","ooil","other oil crops","olives ++",2570,277,"oilcrops","Jojoba Seeds",NA
27,"ooil","ooil","other oil crops","olives ++",2586,278,"oilcrops","Jojoba Oil",NA
27,"ooil","ooil","other oil crops","olives ++",NA,279,"oilcrops",NA,NA
27,"ooil","ooil","other oil crops","olives ++",2570,280,"oilcrops","Safflower seed",NA
27,"ooil","ooil","other oil crops","olives ++",2586,281,"oilcrops","Oil of Safflower Seed",NA
27,"ooil","ooil","other oil crops","olives ++",2586,282,"oilcrops","Cake of Safflower Seed",NA
27,"ooil","ooil","other oil crops","olives ++",NA,283,"oilcrops",NA,NA
27,"ooil","ooil","other oil crops","olives ++",NA,284,"oilcrops",NA,NA
27,"ooil","ooil","other oil crops","olives ++",NA,285,"oilcrops",NA,NA
27,"ooil","ooil","other oil crops","olives ++",NA,286,"oilcrops",NA,NA
27,"ooil","ooil","other oil crops","olives ++",NA,287,"oilcrops",NA,NA
27,"ooil","ooil","other oil crops","olives ++",NA,288,"oilcrops",NA,NA
27,"ooil","ooil","other oil crops","olives ++",2579,290,"oilcrops","Oil of Sesame Seed",NA
27,"ooil","ooil","other oil crops","olives ++",2579,291,"oilcrops","Cake of Sesame Seed",NA
27,"ooil","ooil","other oil crops","olives ++",2574,293,"oilcrops","Oil of Mustard Seed",NA
27,"ooil","ooil","other oil crops","olives ++",2574,294,"oilcrops","Cake of Mustard Seed",NA
27,"ooil","ooil","other oil crops","olives ++",2570,296,"oilcrops","Poppy seed",NA
27,"ooil","ooil","other oil crops","olives ++",2586,297,"oilcrops","Oil of Poppy Seed",NA
27,"ooil","ooil","other oil crops","olives ++",2586,298,"oilcrops","Cake of Poppy Seed",NA
27,"ooil","ooil","other oil crops","olives ++",2570,299,"oilcrops","Melonseed",NA
27,"ooil","ooil","other oil crops","olives ++",NA,300,"oilcrops",NA,NA
27,"ooil","ooil","other oil crops","olives ++",NA,301,"oilcrops",NA,NA
27,"ooil","ooil","other oil crops","olives ++",NA,302,"oilcrops",NA,NA
27,"ooil","ooil","other oil crops","olives ++",NA,303,"oilcrops",NA,NA
27,"ooil","ooil","other oil crops","olives ++",NA,304,"oilcrops",NA,NA
27,"ooil","ooil","other oil crops","olives ++",2570,305,"oilcrops","Tallowtree Seeds",NA
27,"ooil","ooil","other oil crops","olives ++",2586,306,"oilcrops","Vegetable tallow",NA
27,"ooil","ooil","other oil crops","olives ++",2586,307,"oilcrops","Stillingia oil",NA
27,"ooil","ooil","other oil crops","olives ++",NA,308,"oilcrops",NA,NA
27,"ooil","ooil","other oil crops","olives ++",NA,309,"oilcrops",NA,NA
27,"ooil","ooil","other oil crops","olives ++",2570,310,"oilcrops","Kapok fruit",NA
27,"ooil","ooil","other oil crops","olives ++",2570,311,"oilcrops","Kapokseed,in shell",NA
27,"ooil","ooil","other oil crops","olives ++",2570,312,"oilcrops","Kapokseed, shelled",NA
27,"ooil","ooil","other oil crops","olives ++",2586,313,"oilcrops","Oil of Kapok",NA
27,"ooil","ooil","other oil crops","olives ++",2586,314,"oilcrops","Cake of Kapok",NA
27,"ooil","ooil","other oil crops","olives ++",NA,315,"oilcrops",NA,NA
27,"ooil","ooil","other oil crops","olives ++",NA,316,"oilcrops",NA,NA
27,"ooil","ooil","other oil crops","olives ++",NA,317,"oilcrops",NA,NA
27,"ooil","ooil","other oil crops","olives ++",NA,318,"oilcrops",NA,NA
27,"ooil","ooil","other oil crops","olives ++",NA,319,"oilcrops",NA,NA
27,"ooil","ooil","other oil crops","olives ++",NA,320,"oilcrops",NA,NA
27,"ooil","ooil","other oil crops","olives ++",NA,321,"oilcrops",NA,NA
27,"ooil","ooil","other oil crops","olives ++",NA,322,"oilcrops",NA,NA
27,"ooil","ooil","other oil crops","olives ++",NA,323,"oilcrops",NA,NA
27,"ooil","ooil","other oil crops","olives ++",NA,324,"oilcrops",NA,NA
27,"ooil","ooil","other oil crops","olives ++",NA,325,"oilcrops",NA,NA
27,"ooil","ooil","other oil crops","olives ++",NA,326,"oilcrops",NA,NA
27,"ooil","ooil","other oil crops","olives ++",NA,327,"oilcrops",NA,NA
27,"ooil","ooil","other oil crops","olives ++",2559,329,"oilcrops","Cottonseed",NA
27,"ooil","ooil","other oil crops","olives ++",NA,330,"oilcrops",NA,NA
27,"ooil","ooil","other oil crops","olives ++",2575,331,"oilcrops","Oil of Cottonseed",NA
27,"ooil","ooil","other oil crops","olives ++",2575,332,"oilcrops","Cake of Cottonseed",NA
27,"ooil","ooil","other oil crops","olives ++",2570,333,"oilcrops","Linseed",NA
27,"ooil","ooil","other oil crops","olives ++",2586,334,"oilcrops","Oil of Linseed",NA
27,"ooil","ooil","other oil crops","olives ++",2586,335,"oilcrops","Cake of Linseed",NA
27,"ooil","ooil","other oil crops","olives ++",2570,336,"oilcrops","Hempseed",NA
27,"ooil","ooil","other oil crops","olives ++",2586,337,"oilcrops","Oil of Hempseed",NA
27,"ooil","ooil","other oil crops","olives ++",2586,338,"oilcrops","Cake of Hempseed",NA
27,"ooil","ooil","other oil crops","olives ++",2570,339,"oilcrops","Oilseeds nes",NA
27,"ooil","ooil","other oil crops","olives ++",2586,340,"oilcrops","Oil, vegetable origin nes",NA
27,"ooil","ooil","other oil crops","olives ++",2570,343,"oilcrops","Flour, oilseeds",NA
27,"ooil","ooil","other oil crops","olives ++",2586,1241,"oilcrops","Margarine, liquid",NA
27,"ooil","ooil","other oil crops","olives ++",2586,1242,"oilcrops","Margarine, short",NA
27,"ooil","ooil","other oil crops","olives ++",2586,1273,"oilcrops","Castor oil, hydrogenated (opal wax)",NA
27,"ooil","ooil","other oil crops","olives ++",2586,1274,"oilcrops","Oil, boiled, etc",NA
27,"ooil","ooil","other oil crops","olives ++",2586,1275,"oilcrops","Oil, hydrogenated",NA
31,"ofib","ofib","other fibre crops","other fibres ++",NA,773,"fibres","Flax fibre and tow","nonfood"
31,"ofib","ofib","other fibre crops","other fibres ++",NA,774,"fibres","Flax tow and waste","nonfood"
31,"ofib","ofib","other fibre crops","other fibres ++",NA,775,"fibres",NA,"nonfood"
31,"ofib","ofib","other fibre crops","other fibres ++",NA,776,"fibres",NA,"nonfood"
31,"ofib","ofib","other fibre crops","other fibres ++",NA,777,"fibres","Hemp fibre and tow","nonfood"
31,"ofib","ofib","other fibre crops","other fibres ++",NA,778,"fibres","Kapok fibre","nonfood"
31,"ofib","ofib","other fibre crops","other fibres ++",NA,779,"fibres",NA,"nonfood"
31,"ofib","ofib","other fibre crops","other fibres ++",NA,780,"fibres","Jute","nonfood"
31,"ofib","ofib","other fibre crops","other fibres ++",NA,781,"fibres",NA,"nonfood"
31,"ofib","ofib","other fibre crops","other fibres ++",NA,782,"fibres","Jute-like fibres","nonfood"
31,"ofib","ofib","other fibre crops","other fibres ++",NA,783,"fibres",NA,"nonfood"
31,"ofib","ofib","other fibre crops","other fibres ++",NA,784,"fibres",NA,"nonfood"
31,"ofib","ofib","other fibre crops","other fibres ++",NA,785,"fibres",NA,"nonfood"
31,"ofib","ofib","other fibre crops","other fibres ++",NA,786,"fibres",NA,"nonfood"
31,"ofib","ofib","other fibre crops","other fibres ++",NA,787,"fibres",NA,"nonfood"
31,"ofib","ofib","other fibre crops","other fibres ++",NA,788,"fibres","Ramie","nonfood"
31,"ofib","ofib","other fibre crops","other fibres ++",NA,789,"fibres","Sisal","nonfood"
31,"ofib","ofib","other fibre crops","other fibres ++",NA,790,"fibres",NA,"nonfood"
31,"ofib","ofib","other fibre crops","other fibres ++",NA,791,"fibres",NA,"nonfood"
31,"ofib","ofib","other fibre crops","other fibres ++",NA,792,"fibres",NA,"nonfood"
31,"ofib","ofib","other fibre crops","other fibres ++",NA,793,"fibres",NA,"nonfood"
31,"ofib","ofib","other fibre crops","other fibres ++",NA,794,"fibres",NA,"nonfood"
31,"ofib","ofib","other fibre crops","other fibres ++",NA,795,"fibres",NA,"nonfood"
31,"ofib","ofib","other fibre crops","other fibres ++",NA,796,"fibres",NA,"nonfood"
31,"ofib","ofib","other fibre crops","other fibres ++",NA,797,"fibres",NA,"nonfood"
31,"ofib","ofib","other fibre crops","other fibres ++",NA,798,"fibres",NA,"nonfood"
31,"ofib","ofib","other fibre crops","other fibres ++",NA,799,"fibres",NA,"nonfood"
31,"ofib","ofib","other fibre crops","other fibres ++",NA,800,"fibres","Agave fibres nes","nonfood"
31,"ofib","ofib","other fibre crops","other fibres ++",NA,801,"fibres",NA,"nonfood"
31,"ofib","ofib","other fibre crops","other fibres ++",NA,802,"fibres",NA,"nonfood"
31,"ofib","ofib","other fibre crops","other fibres ++",NA,803,"fibres",NA,"nonfood"
31,"ofib","ofib","other fibre crops","other fibres ++",NA,804,"fibres",NA,"nonfood"
31,"ofib","ofib","other fibre crops","other fibres ++",NA,805,"fibres",NA,"nonfood"
31,"ofib","ofib","other fibre crops","other fibres ++",NA,806,"fibres",NA,"nonfood"
31,"ofib","ofib","other fibre crops","other fibres ++",NA,807,"fibres",NA,"nonfood"
31,"ofib","ofib","other fibre crops","other fibres ++",NA,808,"fibres",NA,"nonfood"
31,"ofib","ofib","other fibre crops","other fibres ++",NA,809,"fibres","Abaca manila hemp","nonfood"
31,"ofib","ofib","other fibre crops","other fibres ++",NA,810,"fibres",NA,"nonfood"
31,"ofib","ofib","other fibre crops","other fibres ++",NA,811,"fibres",NA,"nonfood"
31,"ofib","ofib","other fibre crops","other fibres ++",NA,812,"fibres",NA,"nonfood"
31,"ofib","ofib","other fibre crops","other fibres ++",NA,813,"fibres","Coir","nonfood"
31,"ofib","ofib","other fibre crops","other fibres ++",NA,814,"fibres",NA,"nonfood"
31,"ofib","ofib","other fibre crops","other fibres ++",NA,815,"fibres",NA,"nonfood"
31,"ofib","ofib","other fibre crops","other fibres ++",NA,816,"fibres",NA,"nonfood"
31,"ofib","ofib","other fibre crops","other fibres ++",NA,817,"fibres",NA,"nonfood"
31,"ofib","ofib","other fibre crops","other fibres ++",NA,818,"fibres",NA,"nonfood"
31,"ofib","ofib","other fibre crops","other fibres ++",NA,819,"fibres",NA,"nonfood"
31,"ofib","ofib","other fibre crops","other fibres ++",NA,820,"fibres",NA,"nonfood"
31,"ofib","ofib","other fibre crops","other fibres ++",NA,821,"fibres","Fibre crops nes","nonfood"
39,"trof","xfru","tropical fruit","oranges ++",2611,490,"fruits","Oranges",NA
39,"trof","xfru","tropical fruit","oranges ++",2611,491,"fruits","Juice of Orange",NA
39,"trof","xfru","tropical fruit","oranges ++",2611,492,"fruits","Orange Juice, Concentrated",NA
39,"trof","xfru","tropical fruit","oranges ++",NA,493,"fruits",NA,NA
39,"trof","xfru","tropical fruit","oranges ++",NA,494,"fruits",NA,NA
39,"trof","xfru","tropical fruit","oranges ++",2611,495,"fruits","Tangerines, mandarins, clementines, satsumas",NA
39,"trof","xfru","tropical fruit","oranges ++",2611,496,"fruits","Juice of Tangerine, Mandarin and Clementin",NA
39,"trof","xfru","tropical fruit","oranges ++",2612,497,"fruits","Lemons and limes",NA
39,"trof","xfru","tropical fruit","oranges ++",2612,498,"fruits","Juice of Lemon",NA
39,"trof","xfru","tropical fruit","oranges ++",2612,499,"fruits","Lemon Juice, Concentrated",NA
39,"trof","xfru","tropical fruit","oranges ++",NA,500,"fruits",NA,NA
39,"trof","xfru","tropical fruit","oranges ++",NA,501,"fruits",NA,NA
39,"trof","xfru","tropical fruit","oranges ++",NA,502,"fruits",NA,NA
39,"trof","xfru","tropical fruit","oranges ++",NA,503,"fruits",NA,NA
39,"trof","xfru","tropical fruit","oranges ++",NA,504,"fruits",NA,NA
39,"trof","xfru","tropical fruit","oranges ++",NA,505,"fruits",NA,NA
39,"trof","xfru","tropical fruit","oranges ++",NA,506,"fruits",NA,NA
39,"trof","xfru","tropical fruit","oranges ++",2613,507,"fruits","Grapefruit and pomelo",NA
39,"trof","xfru","tropical fruit","oranges ++",NA,508,"fruits",NA,NA
39,"trof","xfru","tropical fruit","oranges ++",2613,509,"fruits","Juice of Grapefruit",NA
39,"trof","xfru","tropical fruit","oranges ++",2613,510,"fruits","Grapefruit Juice, Concentrated",NA
39,"trof","xfru","tropical fruit","oranges ++",NA,511,"fruits",NA,NA
39,"trof","xfru","tropical fruit","oranges ++",2614,512,"fruits","Citrus fruit nes",NA
39,"trof","xfru","tropical fruit","oranges ++",2614,513,"fruits","Juice, citrus, single strength",NA
39,"trof","xfru","tropical fruit","oranges ++",2614,514,"fruits","Juice, citrus, concentrated",NA
39,"trof","xfru","tropical fruit","oranges ++",2625,567,"fruits","Watermelons",NA
39,"trof","xfru","tropical fruit","oranges ++",2625,568,"fruits","Melons, Cantaloupes",NA
39,"trof","xfru","tropical fruit","oranges ++",2625,569,"fruits","Figs",NA
39,"trof","xfru","tropical fruit","oranges ++",2625,570,"fruits","Figs, Dried",NA
39,"trof","xfru","tropical fruit","oranges ++",2625,571,"fruits","Mangoes",NA
39,"trof","xfru","tropical fruit","oranges ++",2625,572,"fruits","Avocados",NA
39,"trof","xfru","tropical fruit","oranges ++",NA,573,"fruits",NA,NA
39,"trof","xfru","tropical fruit","oranges ++",2618,574,"fruits","Pineapples",NA
39,"trof","xfru","tropical fruit","oranges ++",2618,575,"fruits","Pineapples, Canned",NA
39,"trof","xfru","tropical fruit","oranges ++",2618,576,"fruits","Juice of Pineapples",NA
39,"trof","xfru","tropical fruit","oranges ++",2618,580,"fruits","Juice, pineappe, concentrated",NA
39,"trof","xfru","tropical fruit","oranges ++",2619,577,"fruits","Dates",NA
39,"trof","xfru","tropical fruit","oranges ++",NA,578,"fruits",NA,NA
39,"trof","xfru","tropical fruit","oranges ++",NA,579,"fruits",NA,NA
39,"trof","xfru","tropical fruit","oranges ++",NA,581,"fruits",NA,NA
39,"trof","xfru","tropical fruit","oranges ++",NA,582,"fruits",NA,NA
39,"trof","xfru","tropical fruit","oranges ++",2625,583,"fruits","Juice of Mango",NA
39,"trof","xfru","tropical fruit","oranges ++",2625,584,"fruits","Mango Pulp",NA
39,"trof","xfru","tropical fruit","oranges ++",NA,585,"fruits",NA,NA
39,"trof","xfru","tropical fruit","oranges ++",NA,586,"fruits",NA,NA
39,"trof","xfru","tropical fruit","oranges ++",2625,587,"fruits","Persimmons",NA
39,"trof","xfru","tropical fruit","oranges ++",NA,588,"fruits",NA,NA
39,"trof","xfru","tropical fruit","oranges ++",NA,589,"fruits",NA,NA
39,"trof","xfru","tropical fruit","oranges ++",NA,590,"fruits",NA,NA
39,"trof","xfru","tropical fruit","oranges ++",2625,591,"fruits","Cashewapple",NA
39,"trof","xfru","tropical fruit","oranges ++",2625,600,"fruits","Papayas",NA
39,"trof","xfru","tropical fruit","oranges ++",NA,601,"fruits",NA,NA
39,"trof","xfru","tropical fruit","oranges ++",NA,602,"fruits",NA,NA
39,"trof","xfru","tropical fruit","oranges ++",2625,603,"fruits","Fruit, tropical (fresh) nes",NA
39,"trof","xfru","tropical fruit","oranges ++",2625,604,"fruits","Fruit, tropical dried nes",NA
40,"temf","xfru","temperate fruit","apples ++",2617,515,"fruits","Apples",NA
40,"temf","xfru","temperate fruit","apples ++",NA,516,"fruits",NA,NA
40,"temf","xfru","temperate fruit","apples ++",NA,517,"fruits","Cider, etc.",NA
40,"temf","xfru","temperate fruit","apples ++",2617,518,"fruits","Apple Juice",NA
40,"temf","xfru","temperate fruit","apples ++",2617,519,"fruits","Apple Juice, Concentrated",NA
40,"temf","xfru","temperate fruit","apples ++",NA,520,"fruits",NA,NA
40,"temf","xfru","temperate fruit","apples ++",2625,521,"fruits","Pears",NA
40,"temf","xfru","temperate fruit","apples ++",NA,522,"fruits",NA,NA
40,"temf","xfru","temperate fruit","apples ++",2625,523,"fruits","Quinces",NA
40,"temf","xfru","temperate fruit","apples ++",NA,524,"fruits",NA,NA
40,"temf","xfru","temperate fruit","apples ++",NA,525,"fruits",NA,NA
40,"temf","xfru","temperate fruit","apples ++",2625,526,"fruits","Apricots",NA
40,"temf","xfru","temperate fruit","apples ++",2625,527,"fruits","Apricots, Dried",NA
40,"temf","xfru","temperate fruit","apples ++",NA,528,"fruits",NA,NA
40,"temf","xfru","temperate fruit","apples ++",NA,529,"fruits",NA,NA
40,"temf","xfru","temperate fruit","apples ++",2625,530,"fruits","Sour cherries",NA
40,"temf","xfru","temperate fruit","apples ++",2625,531,"fruits","Cherries",NA
40,"temf","xfru","temperate fruit","apples ++",NA,532,"fruits",NA,NA
40,"temf","xfru","temperate fruit","apples ++",NA,533,"fruits",NA,NA
40,"temf","xfru","temperate fruit","apples ++",2625,534,"fruits","Peaches and nectarines",NA
40,"temf","xfru","temperate fruit","apples ++",NA,535,"fruits",NA,NA
40,"temf","xfru","temperate fruit","apples ++",2625,536,"fruits","Plums",NA
40,"temf","xfru","temperate fruit","apples ++",2625,537,"fruits","Plums, dried",NA
40,"temf","xfru","temperate fruit","apples ++",2625,538,"fruits","Juice of plum",NA
40,"temf","xfru","temperate fruit","apples ++",2625,539,"fruits","Juice of plum, concentrated",NA
40,"temf","xfru","temperate fruit","apples ++",NA,540,"fruits",NA,NA
40,"temf","xfru","temperate fruit","apples ++",2625,541,"fruits","Stone fruit, fresh nes",NA
40,"temf","xfru","temperate fruit","apples ++",2625,542,"fruits","Pome fruit nes",NA
40,"temf","xfru","temperate fruit","apples ++",NA,543,"fruits",NA,NA
40,"temf","xfru","temperate fruit","apples ++",2625,544,"fruits","Strawberries",NA
40,"temf","xfru","temperate fruit","apples ++",NA,545,"fruits",NA,NA
40,"temf","xfru","temperate fruit","apples ++",NA,546,"fruits",NA,NA
40,"temf","xfru","temperate fruit","apples ++",2625,547,"fruits","Raspberries",NA
40,"temf","xfru","temperate fruit","apples ++",NA,548,"fruits",NA,NA
40,"temf","xfru","temperate fruit","apples ++",2625,549,"fruits","Gooseberries",NA
40,"temf","xfru","temperate fruit","apples ++",2625,550,"fruits","Currants",NA
40,"temf","xfru","temperate fruit","apples ++",NA,551,"fruits",NA,NA
40,"temf","xfru","temperate fruit","apples ++",2625,552,"fruits","Blueberries",NA
40,"temf","xfru","temperate fruit","apples ++",NA,553,"fruits",NA,NA
40,"temf","xfru","temperate fruit","apples ++",2625,554,"fruits","Cranberries",NA
40,"temf","xfru","temperate fruit","apples ++",NA,555,"fruits",NA,NA
40,"temf","xfru","temperate fruit","apples ++",NA,556,"fruits",NA,NA
40,"temf","xfru","temperate fruit","apples ++",NA,557,"fruits",NA,NA
40,"temf","xfru","temperate fruit","apples ++",2625,558,"fruits","Berries nes",NA
40,"temf","xfru","temperate fruit","apples ++",NA,559,"fruits",NA,NA
40,"temf","xfru","temperate fruit","apples ++",2620,560,"fruits","Grapes",NA
40,"temf","xfru","temperate fruit","apples ++",2620,561,"fruits","Raisins",NA
40,"temf","xfru","temperate fruit","apples ++",2620,562,"fruits","Juice, grape",NA
40,"temf","xfru","temperate fruit","apples ++",2620,563,"fruits","Grapes, must",NA
41,"vege","vege","vegetables","cabbages and other brassicas ++",2605,358,"vegetables","Cabbages",NA
41,"vege","vege","vegetables","cabbages and other brassicas ++",NA,359,"vegetables",NA,NA
41,"vege","vege","vegetables","cabbages and other brassicas ++",NA,360,"vegetables",NA,NA
41,"vege","vege","vegetables","cabbages and other brassicas ++",NA,361,"vegetables",NA,NA
41,"vege","vege","vegetables","cabbages and other brassicas ++",NA,362,"vegetables",NA,NA
41,"vege","vege","vegetables","cabbages and other brassicas ++",NA,363,"vegetables",NA,NA
41,"vege","vege","vegetables","cabbages and other brassicas ++",NA,364,"vegetables",NA,NA
41,"vege","vege","vegetables","cabbages and other brassicas ++",NA,365,"vegetables",NA,NA
41,"vege","vege","vegetables","cabbages and other brassicas ++",2605,366,"vegetables","Artichokes",NA
41,"vege","vege","vegetables","cabbages and other brassicas ++",2605,367,"vegetables","Asparagus",NA
41,"vege","vege","vegetables","cabbages and other brassicas ++",NA,368,"vegetables",NA,NA
41,"vege","vege","vegetables","cabbages and other brassicas ++",NA,369,"vegetables",NA,NA
41,"vege","vege","vegetables","cabbages and other brassicas ++",NA,370,"vegetables",NA,NA
41,"vege","vege","vegetables","cabbages and other brassicas ++",NA,371,"vegetables",NA,NA
41,"vege","vege","vegetables","cabbages and other brassicas ++",2605,372,"vegetables","Lettuce and chicory",NA
41,"vege","vege","vegetables","cabbages and other brassicas ++",2605,373,"vegetables","Spinach",NA
41,"vege","vege","vegetables","cabbages and other brassicas ++",NA,374,"vegetables",NA,NA
41,"vege","vege","vegetables","cabbages and other brassicas ++",NA,375,"vegetables",NA,NA
41,"vege","vege","vegetables","cabbages and other brassicas ++",NA,376,"vegetables",NA,NA
41,"vege","vege","vegetables","cabbages and other brassicas ++",NA,377,"vegetables",NA,NA
41,"vege","vege","vegetables","cabbages and other brassicas ++",2605,378,"vegetables","Cassava leaves",NA
41,"vege","vege","vegetables","cabbages and other brassicas ++",NA,379,"vegetables",NA,NA
41,"vege","vege","vegetables","cabbages and other brassicas ++",NA,380,"vegetables",NA,NA
41,"vege","vege","vegetables","cabbages and other brassicas ++",NA,381,"vegetables",NA,NA
41,"vege","vege","vegetables","cabbages and other brassicas ++",NA,382,"vegetables",NA,NA
41,"vege","vege","vegetables","cabbages and other brassicas ++",NA,383,"vegetables",NA,NA
41,"vege","vege","vegetables","cabbages and other brassicas ++",NA,384,"vegetables",NA,NA
41,"vege","vege","vegetables","cabbages and other brassicas ++",NA,385,"vegetables",NA,NA
41,"vege","vege","vegetables","cabbages and other brassicas ++",NA,386,"vegetables",NA,NA
41,"vege","vege","vegetables","cabbages and other brassicas ++",NA,387,"vegetables",NA,NA
41,"vege","vege","vegetables","tomatos",2601,388,"vegetables","Tomatoes, fresh",NA
41,"vege","vege","vegetables","tomatos",2601,389,"vegetables","Juice tomato, concentrated",NA
41,"vege","vege","vegetables","tomatos",2601,390,"vegetables","Juice of Tomatoes",NA
41,"vege","vege","vegetables","tomatos",2601,391,"vegetables","Paste of Tomatoes",NA
41,"vege","vege","vegetables","tomatos",2601,392,"vegetables","Tomatoes, Peeled (O/T vinegar)",NA
41,"vege","vege","vegetables","cabbages and other brassicas ++",2605,393,"vegetables","Cauliflowers and broccoli",NA
41,"vege","vege","vegetables","cabbages and other brassicas ++",2605,394,"vegetables","Pumpkins, squash and gourds",NA
41,"vege","vege","vegetables","cabbages and other brassicas ++",NA,395,"vegetables",NA,NA
41,"vege","vege","vegetables","cabbages and other brassicas ++",NA,396,"vegetables",NA,NA
41,"vege","vege","vegetables","cabbages and other brassicas ++",2605,397,"vegetables","Cucumbers and gherkins",NA
41,"vege","vege","vegetables","cabbages and other brassicas ++",NA,398,"vegetables",NA,NA
41,"vege","vege","vegetables","cabbages and other brassicas ++",2605,399,"vegetables","Eggplants",NA
41,"vege","vege","vegetables","cabbages and other brassicas ++",NA,400,"vegetables",NA,NA
41,"vege","vege","vegetables","cabbages and other brassicas ++",2602,402,"vegetables","Onions, shallots (green)",NA
41,"vege","vege","vegetables","cabbages and other brassicas ++",2602,403,"vegetables","Onions, dry",NA
41,"vege","vege","vegetables","cabbages and other brassicas ++",NA,404,"vegetables",NA,NA
41,"vege","vege","vegetables","cabbages and other brassicas ++",NA,405,"vegetables",NA,NA
41,"vege","vege","vegetables","cabbages and other brassicas ++",2602,406,"vegetables","Garlic",NA
41,"vege","vege","vegetables","cabbages and other brassicas ++",2602,407,"vegetables","Leeks and other alliaceous vegetables",NA
41,"vege","vege","vegetables","cabbages and other brassicas ++",NA,408,"vegetables",NA,NA
41,"vege","vege","vegetables","cabbages and other brassicas ++",NA,409,"vegetables",NA,NA
41,"vege","vege","vegetables","cabbages and other brassicas ++",NA,410,"vegetables",NA,NA
41,"vege","vege","vegetables","cabbages and other brassicas ++",NA,411,"vegetables",NA,NA
41,"vege","vege","vegetables","cabbages and other brassicas ++",NA,412,"vegetables",NA,NA
41,"vege","vege","vegetables","cabbages and other brassicas ++",NA,413,"vegetables",NA,NA
41,"vege","vege","vegetables","cabbages and other brassicas ++",2605,414,"vegetables","Beans, green",NA
41,"vege","vege","vegetables","cabbages and other brassicas ++",NA,415,"vegetables",NA,NA
41,"vege","vege","vegetables","cabbages and other brassicas ++",NA,416,"vegetables",NA,NA
41,"vege","vege","vegetables","cabbages and other brassicas ++",2605,417,"vegetables","Peas, green",NA
41,"vege","vege","vegetables","cabbages and other brassicas ++",NA,418,"vegetables",NA,NA
41,"vege","vege","vegetables","cabbages and other brassicas ++",NA,419,"vegetables",NA,NA
41,"vege","vege","vegetables","cabbages and other brassicas ++",2605,420,"vegetables","Broad Beans, Green",NA
41,"vege","vege","vegetables","cabbages and other brassicas ++",NA,421,"vegetables",NA,NA
41,"vege","vege","vegetables","cabbages and other brassicas ++",NA,422,"vegetables",NA,NA
41,"vege","vege","vegetables","cabbages and other brassicas ++",2605,423,"vegetables","String Beans",NA
41,"vege","vege","vegetables","cabbages and other brassicas ++",NA,424,"vegetables",NA,NA
41,"vege","vege","vegetables","cabbages and other brassicas ++",NA,425,"vegetables",NA,NA
41,"vege","vege","vegetables","cabbages and other brassicas ++",2605,426,"vegetables","Carrot",NA
41,"vege","vege","vegetables","cabbages and other brassicas ++",NA,427,"vegetables",NA,NA
41,"vege","vege","vegetables","cabbages and other brassicas ++",NA,428,"vegetables",NA,NA
41,"vege","vege","vegetables","cabbages and other brassicas ++",NA,429,"vegetables",NA,NA
41,"vege","vege","vegetables","cabbages and other brassicas ++",2605,430,"vegetables","Okra",NA
41,"vege","vege","vegetables","cabbages and other brassicas ++",NA,431,"vegetables",NA,NA
41,"vege","vege","vegetables","cabbages and other brassicas ++",NA,432,"vegetables",NA,NA
41,"vege","vege","vegetables","cabbages and other brassicas ++",NA,433,"vegetables",NA,NA
41,"vege","vege","vegetables","cabbages and other brassicas ++",NA,434,"vegetables",NA,NA
41,"vege","vege","vegetables","cabbages and other brassicas ++",NA,435,"vegetables",NA,NA
41,"vege","vege","vegetables","cabbages and other brassicas ++",NA,436,"vegetables",NA,NA
41,"vege","vege","vegetables","cabbages and other brassicas ++",NA,437,"vegetables",NA,NA
41,"vege","vege","vegetables","cabbages and other brassicas ++",NA,438,"vegetables",NA,NA
41,"vege","vege","vegetables","cabbages and other brassicas ++",NA,439,"vegetables",NA,NA
41,"vege","vege","vegetables","cabbages and other brassicas ++",NA,440,"vegetables",NA,NA
41,"vege","vege","vegetables","cabbages and other brassicas ++",NA,441,"vegetables",NA,NA
41,"vege","vege","vegetables","cabbages and other brassicas ++",NA,442,"vegetables",NA,NA
41,"vege","vege","vegetables","cabbages and other brassicas ++",NA,443,"vegetables",NA,NA
41,"vege","vege","vegetables","cabbages and other brassicas ++",NA,444,"vegetables",NA,NA
41,"vege","vege","vegetables","cabbages and other brassicas ++",NA,445,"vegetables",NA,NA
41,"vege","vege","vegetables","cabbages and other brassicas ++",NA,446,"vegetables","Green Corn (Maize)",NA
41,"vege","vege","vegetables","cabbages and other brassicas ++",NA,447,"vegetables","Sweet Corn, Frozen",NA
41,"vege","vege","vegetables","cabbages and other brassicas ++",NA,448,"vegetables","Sweet Corn, Prepared or Preserved",NA
41,"vege","vege","vegetables","cabbages and other brassicas ++",2605,449,"vegetables","Mushrooms",NA
41,"vege","vege","vegetables","cabbages and other brassicas ++",2605,450,"vegetables","Dried Mushrooms",NA
41,"vege","vege","vegetables","cabbages and other brassicas ++",2605,451,"vegetables","Canned Mushrooms",NA
41,"vege","vege","vegetables","cabbages and other brassicas ++",NA,452,"vegetables",NA,NA
41,"vege","vege","vegetables","cabbages and other brassicas ++",NA,453,"vegetables",NA,NA
41,"vege","vege","vegetables","cabbages and other brassicas ++",NA,454,"vegetables",NA,NA
41,"vege","vege","vegetables","cabbages and other brassicas ++",NA,455,"vegetables",NA,NA
41,"vege","vege","vegetables","cabbages and other brassicas ++",NA,456,"vegetables",NA,NA
41,"vege","vege","vegetables","cabbages and other brassicas ++",NA,457,"vegetables",NA,NA
41,"vege","vege","vegetables","cabbages and other brassicas ++",NA,458,"vegetables",NA,NA
41,"vege","vege","vegetables","cabbages and other brassicas ++",2605,459,"vegetables","Chicory roots",NA
41,"vege","vege","vegetables","cabbages and other brassicas ++",2605,460,"vegetables","Vegetable products, fresh or dry nes",NA
41,"vege","vege","vegetables","cabbages and other brassicas ++",2605,461,"vegetables","Carobs",NA
41,"vege","vege","vegetables","cabbages and other brassicas ++",NA,462,"vegetables",NA,NA
41,"vege","vege","vegetables","cabbages and other brassicas ++",2605,463,"vegetables","Vegetables, Fresh n.e.s.",NA
41,"vege","vege","vegetables","cabbages and other brassicas ++",2605,473,"vegetables","Vegetables, frozen",NA
41,"vege","vege","vegetables","cabbages and other brassicas ++",2605,472,"vegetables","Vegetables, preserved nes",NA
41,"vege","vege","vegetables","cabbages and other brassicas ++",2605,469,"vegetables","Vegetables, dehydrated",NA
41,"vege","vege","vegetables","cabbages and other brassicas ++",2605,471,"vegetables","Vegetables in vinegar",NA
41,"vege","vege","vegetables","cabbages and other brassicas ++",2605,475,"vegetables","Vegetables, preserved, frozen",NA
41,"vege","vege","vegetables","cabbages and other brassicas ++",2605,474,"vegetables","Vegetables, temporarily preserved",NA
42.2,"tnut","tnut","treenuts","tree nuts",2551,216,NA,"Brazil nuts",NA
42.2,"tnut","tnut","treenuts","tree nuts",2551,217,NA,"Cashew nuts",NA
42.3,"othr","othr","rest of crops","all individual other crops",NA,218,NA,NA,NA
42.3,"othr","othr","rest of crops","all individual other crops",NA,219,NA,NA,NA
42.2,"tnut","tnut","treenuts","tree nuts",2551,220,NA,"Chestnuts",NA
42.2,"tnut","tnut","treenuts","tree nuts",2551,221,NA,"Almonds",NA
42.2,"tnut","tnut","treenuts","tree nuts",2551,222,NA,"Walnuts",NA
42.2,"tnut","tnut","treenuts","tree nuts",2551,223,NA,"Pistachios",NA
42.2,"tnut","tnut","treenuts","tree nuts",2551,224,NA,"Kolanuts",NA
42.2,"tnut","tnut","treenuts","tree nuts",2551,225,NA,"Hazelnuts (Filberts)",NA
42.2,"tnut","tnut","treenuts","tree nuts",2551,226,NA,"Areca nuts",NA
42.3,"othr","othr","rest of crops","all individual other crops",NA,227,NA,NA,NA
42.3,"othr","othr","rest of crops","all individual other crops",NA,228,NA,NA,NA
42.2,"tnut","tnut","treenuts","tree nuts",2551,229,NA,"Brazil Nuts, Shelled",NA
42.2,"tnut","tnut","treenuts","tree nuts",2551,230,NA,"Cashew Nuts, Shelled",NA
42.2,"tnut","tnut","treenuts","tree nuts",2551,231,NA,"Almonds, Shelled",NA
42.2,"tnut","tnut","treenuts","tree nuts",2551,232,NA,"Walnuts, Shelled",NA
42.2,"tnut","tnut","treenuts","tree nuts",2551,233,NA,"Hazelnuts, Shelled",NA
42.2,"tnut","tnut","treenuts","tree nuts",2551,234,NA,"Nuts nes",NA
42.2,"tnut","tnut","treenuts","tree nuts",2551,235,NA,"Nuts, prepared (exc. Groundnuts)",NA
42.3,"othr","othr","rest of crops","all individual other crops",NA,677,NA,"Hops",NA
42.3,"othr","othr","rest of crops","all individual other crops",NA,678,NA,NA,NA
42.3,"othr","othr","rest of crops","all individual other crops",NA,679,NA,NA,NA
42.3,"othr","othr","rest of crops","all individual other crops",NA,680,NA,NA,NA
42.3,"othr","othr","rest of crops","all individual other crops",NA,681,NA,NA,NA
42.3,"othr","othr","rest of crops","all individual other crops",NA,682,NA,NA,NA
42.3,"othr","othr","rest of crops","all individual other crops",NA,683,NA,NA,NA
42.3,"othr","othr","rest of crops","all individual other crops",NA,684,NA,NA,NA
42.3,"othr","othr","rest of crops","all individual other crops",NA,685,NA,NA,NA
42.3,"othr","othr","rest of crops","all individual other crops",NA,686,NA,NA,NA
42.1,"spis","spis","spices","spices",2640,687,NA,"Pepper",NA
42.3,"othr","othr","rest of crops","all individual other crops",NA,688,NA,NA,NA
42.1,"spis","spis","spices","spices",2641,689,NA,"Pimento",NA
42.3,"othr","othr","rest of crops","all individual other crops",NA,690,NA,NA,NA
42.3,"othr","othr","rest of crops","all individual other crops",NA,691,NA,NA,NA
42.1,"spis","spis","spices","spices",2645,692,NA,"Vanilla",NA
42.1,"spis","spis","spices","spices",2645,693,NA,"Cinnamon (canella)",NA
42.3,"othr","othr","rest of crops","all individual other crops",NA,694,NA,NA,NA
42.3,"othr","othr","rest of crops","all individual other crops",NA,695,NA,NA,NA
42.3,"othr","othr","rest of crops","all individual other crops",NA,696,NA,NA,NA
42.3,"othr","othr","rest of crops","all individual other crops",NA,697,NA,NA,NA
42.1,"spis","spis","spices","spices",2642,698,NA,"Cloves",NA
42.3,"othr","othr","rest of crops","all individual other crops",NA,699,NA,NA,NA
42.3,"othr","othr","rest of crops","all individual other crops",NA,700,NA,NA,NA
42.3,"othr","othr","rest of crops","all individual other crops",NA,701,NA,NA,NA
42.1,"spis","spis","spices","spices",2645,702,NA,"Nutmeg, mace, cardamoms",NA
42.3,"othr","othr","rest of crops","all individual other crops",NA,703,NA,NA,NA
42.3,"othr","othr","rest of crops","all individual other crops",NA,704,NA,NA,NA
42.3,"othr","othr","rest of crops","all individual other crops",NA,705,NA,NA,NA
42.3,"othr","othr","rest of crops","all individual other crops",NA,706,NA,NA,NA
42.3,"othr","othr","rest of crops","all individual other crops",NA,707,NA,NA,NA
42.3,"othr","othr","rest of crops","all individual other crops",NA,708,NA,NA,NA
42.3,"othr","othr","rest of crops","all individual other crops",NA,709,NA,NA,NA
42.3,"othr","othr","rest of crops","all individual other crops",NA,710,NA,NA,NA
42.1,"spis","spis","spices","spices",2645,711,NA,"Anise, badian, fennel",NA
42.3,"othr","othr","rest of crops","all individual other crops",NA,712,NA,NA,NA
42.3,"othr","othr","rest of crops","all individual other crops",NA,713,NA,NA,NA
42.3,"othr","othr","rest of crops","all individual other crops",NA,714,NA,NA,NA
42.3,"othr","othr","rest of crops","all individual other crops",NA,715,NA,NA,NA
42.3,"othr","othr","rest of crops","all individual other crops",NA,716,NA,NA,NA
42.3,"othr","othr","rest of crops","all individual other crops",NA,717,NA,NA,NA
42.3,"othr","othr","rest of crops","all individual other crops",NA,718,NA,NA,NA
42.3,"othr","othr","rest of crops","all individual other crops",NA,719,NA,NA,NA
42.1,"spis","spis","spices","spices",2645,720,NA,"Ginger",NA
42.3,"othr","othr","rest of crops","all individual other crops",NA,721,NA,NA,NA
42.3,"othr","othr","rest of crops","all individual other crops",NA,722,NA,NA,NA
42.1,"spis","spis","spices","spices",2645,723,NA,"Spices nes",NA
42.3,"othr","othr","rest of crops","all individual other crops",NA,724,NA,NA,NA
42.3,"othr","othr","rest of crops","all individual other crops",NA,725,NA,NA,NA
42.3,"othr","othr","rest of crops","all individual other crops",NA,726,NA,NA,NA
42.3,"othr","othr","rest of crops","all individual other crops",NA,727,NA,NA,NA
42.3,"othr","othr","rest of crops","all individual other crops",NA,728,NA,NA,NA
42.3,"othr","othr","rest of crops","all individual other crops",NA,729,NA,NA,NA
42.3,"othr","othr","rest of crops","all individual other crops",NA,730,NA,NA,NA
42.3,"othr","othr","rest of crops","all individual other crops",NA,731,NA,NA,NA
42.3,"othr","othr","rest of crops","all individual other crops",NA,732,NA,NA,NA
42.3,"othr","othr","rest of crops","all individual other crops",NA,733,NA,NA,NA
42.3,"othr","othr","rest of crops","all individual other crops",NA,734,NA,NA,NA
42.3,"othr","othr","rest of crops","all individual other crops",NA,735,NA,NA,NA
42.3,"othr","othr","rest of crops","all individual other crops",NA,736,NA,NA,NA
42.3,"othr","othr","rest of crops","all individual other crops",NA,737,NA,"Oil of citronella",NA
42.3,"othr","othr","rest of crops","all individual other crops",NA,738,NA,NA,NA
42.3,"othr","othr","rest of crops","all individual other crops",NA,739,NA,NA,NA
42.3,"othr","othr","rest of crops","all individual other crops",NA,740,NA,NA,NA
42.3,"othr","othr","rest of crops","all individual other crops",NA,741,NA,NA,NA
42.3,"othr","othr","rest of crops","all individual other crops",NA,742,NA,NA,NA
42.3,"othr","othr","rest of crops","all individual other crops",NA,743,NA,NA,NA
42.3,"othr","othr","rest of crops","all individual other crops",NA,744,NA,NA,NA
42.3,"othr","othr","rest of crops","all individual other crops",NA,745,NA,NA,NA
42.3,"othr","othr","rest of crops","all individual other crops",NA,746,NA,NA,NA
42.3,"othr","othr","rest of crops","all individual other crops",NA,747,NA,NA,NA
42.1,"spis","spis","spices","spices",NA,748,NA,"Peppermint, Spearmint",NA
42.3,"othr","othr","rest of crops","all individual other crops",NA,749,NA,NA,NA
42.3,"othr","othr","rest of crops","all individual other crops",NA,750,NA,NA,NA
42.3,"othr","othr","rest of crops","all individual other crops",NA,751,NA,NA,NA
42.3,"othr","othr","rest of crops","all individual other crops",NA,752,NA,NA,NA
42.3,"othr","othr","rest of crops","all individual other crops",NA,753,NA,"Essential oils nes",NA
42.3,"othr","othr","rest of crops","all individual other crops",NA,754,NA,"Pyrethrum, dried flowers",NA
42.3,"othr","othr","rest of crops","all individual other crops",NA,755,NA,"Pyrethrum Extract",NA
42.3,"othr","othr","rest of crops","all individual other crops",NA,756,NA,"Pyrethrum Marc",NA
42.3,"othr","othr","rest of crops","all individual other crops",NA,757,NA,NA,NA
42.3,"othr","othr","rest of crops","all individual other crops",NA,758,NA,NA,NA
42.3,"othr","othr","rest of crops","all individual other crops",NA,759,NA,NA,NA
42.3,"othr","othr","rest of crops","all individual other crops",NA,760,NA,NA,NA
42.3,"othr","othr","rest of crops","all individual other crops",NA,761,NA,NA,NA
42.3,"othr","othr","rest of crops","all individual other crops",NA,762,NA,NA,NA
42.3,"othr","othr","rest of crops","all individual other crops",NA,763,NA,NA,NA
42.3,"othr","othr","rest of crops","all individual other crops",NA,764,NA,NA,NA
42.3,"othr","othr","rest of crops","all individual other crops",NA,765,NA,NA,NA
42.3,"othr","othr","rest of crops","all individual other crops",NA,766,NA,NA,NA
30,"cott","xoil","rest of crops","all individual other crops (eg? spices, tree nuts, other sugar crops, mate, rubber)",NA,767,NA,"Cotton Lint",NA
30,"cott","xoil","rest of crops","all individual other crops (eg? spices, tree nuts, other sugar crops, mate, rubber)",NA,768,NA,"Cotton, Carded or Combed",NA
30,"cott","xoil","rest of crops","all individual other crops (eg? spices, tree nuts, other sugar crops, mate, rubber)",NA,769,NA,"Cotton Waste",NA
30,"cott","xoil","rest of crops","all individual other crops (eg? spices, tree nuts, other sugar crops, mate, rubber)",NA,770,NA,"Cotton Linters",NA
42.3,"othr","othr","rest of crops","all individual other crops",NA,771,NA,"Flax, raw or retted",NA
42.3,"othr","othr","rest of crops","all individual other crops",NA,772,NA,NA,NA
42.3,"othr","othr","rest of crops","all individual other crops",NA,822,NA,NA,NA
42.3,"othr","othr","rest of crops","all individual other crops",NA,823,NA,NA,NA
42.3,"othr","othr","rest of crops","all individual other crops",NA,824,NA,NA,NA
42.3,"othr","othr","rest of crops","all individual other crops",NA,825,NA,NA,NA
42.3,"othr","othr","rest of crops","all individual other crops",NA,827,NA,NA,NA
42.3,"othr","othr","rest of crops","all individual other crops",NA,828,NA,"Cigarettes",NA
42.3,"othr","othr","rest of crops","all individual other crops",NA,829,NA,"Cigars and Cheroots",NA
42.3,"othr","othr","rest of crops","all individual other crops",NA,830,NA,NA,NA
42.3,"othr","othr","rest of crops","all individual other crops",NA,831,NA,"Tobacco Products nes",NA
42.3,"othr","othr","rest of crops","all individual other crops",NA,832,NA,NA,NA
42.3,"othr","othr","rest of crops","all individual other crops",NA,833,NA,NA,NA
42.3,"othr","othr","rest of crops","all individual other crops",NA,834,NA,NA,NA
42.3,"othr","othr","rest of crops","all individual other crops",NA,835,NA,NA,NA
42.3,"othr","othr","rest of crops","all individual other crops",NA,836,NA,"Natural rubber",NA
42.3,"othr","othr","rest of crops","all individual other crops",NA,837,NA,"Rubber, Natural (Dry)",NA
42.3,"othr","othr","rest of crops","all individual other crops",NA,838,NA,NA,NA
42.3,"othr","othr","rest of crops","all individual other crops",NA,839,NA,"Natural gums",NA
